Subchapter;Due_date
4,1;19/10/2017
4,3;19/10/2017
4,4;19/10/2017
4,5;19/10/2017
4,6;19/10/2017
4,9;19/10/2017
4.10;19/10/2017
5.1;24/10/2017
5.2;24/10/2017
5.4;24/10/2017
5.5;24/10/2017
5.6;24/10/2017
5.7;24/10/2017
5.8;24/10/2017
5.9;24/10/2017
5.10;31/10/2017
5.11;31/10/2017
5.12;31/10/2017
5.13;31/10/2017
5.14;31/10/2017
5.15;31/10/2017
6.1;07/11/2017
6.2;07/11/2017
6.3;07/11/2017
6.4;07/11/2017
6.5;07/11/2017
6.6;07/11/2017
6.7;07/11/2017
6.8;07/11/2017
6.9;07/11/2017
7.1;14/11/2017
7.2;14/11/2017
7.3;14/11/2017
7.4;14/11/2017
7.5;14/11/2017
7.6;14/11/2017
7.7;14/11/2017
